<?xml version="1.0" encoding="UTF-8"?>
<!DOCTYPE mapper
        PUBLIC "-//mybatis.org//DTD Mapper 3.0//EN"
        "http://mybatis.org/dtd/mybatis-3-mapper.dtd">
<mapper namespace="com.example.mapper.NewsMapper">

    <sql id="Base_Column_List">
        id,title,descr,content,cover,time,count,category
    </sql>

    <select id="selectAll" resultType="com.example.entity.News">
        select
        <include refid="Base_Column_List" />
        from news
        <where>
            <if test="title != null"> and title like concat('%', #{title}, '%')</if>
            <if test="category != null"> and category = #{category}</if>
        </where>
        order by id desc
    </select>

    <select id="selectById" resultType="com.example.entity.News">
        select
        <include refid="Base_Column_List" />
        from news
        where id = #{id}
    </select>

    <select id="selectTopNews" resultType="com.example.entity.News">
        select
        <include refid="Base_Column_List" />
        from news
        order by
        <if test="sort == 'new'">id</if>
        <if test="sort == 'hot'">count</if>
        desc
        limit 8
    </select>

    <delete id="deleteById">
        delete from news
        where  id = #{id}
    </delete>

    <insert id="insert" parameterType="com.example.entity.News" useGeneratedKeys="true" keyProperty="id">
        insert into news
        <trim prefix="(" suffix=")" suffixOverrides=",">
            <if test="id != null">id,</if>
            <if test="title != null">title,</if>
            <if test="descr != null">descr,</if>
            <if test="content != null">content,</if>
            <if test="cover != null">cover,</if>
            <if test="time != null">time,</if>
            <if test="count != null">count,</if>
            <if test="category != null">category,</if>
        </trim>
        <trim prefix="values (" suffix=")" suffixOverrides=",">
            <if test="id != null">#{id},</if>
            <if test="title != null">#{title},</if>
            <if test="descr != null">#{descr},</if>
            <if test="content != null">#{content},</if>
            <if test="cover != null">#{cover},</if>
            <if test="time != null">#{time},</if>
            <if test="count != null">#{count},</if>
            <if test="category != null">#{category},</if>
        </trim>
    </insert>

    <update id="updateById" parameterType="com.example.entity.News">
        update news
        <set>
            <if test="title != null">
                title = #{title},
            </if>
            <if test="descr != null">
                descr = #{descr},
            </if>
            <if test="content != null">
                content = #{content},
            </if>
            <if test="cover != null">
                cover = #{cover},
            </if>
            <if test="time != null">
                time = #{time},
            </if>
            <if test="count != null">
                count = #{count},
            </if>
            <if test="category != null">
                category = #{category},
            </if>
        </set>
        where id = #{id}
    </update>

</mapper>