<?xml version="1.0" encoding="UTF-8"?>
<!DOCTYPE mapper
        PUBLIC "-//mybatis.org//DTD Mapper 3.0//EN"
        "http://mybatis.org/dtd/mybatis-3-mapper.dtd">
<mapper namespace="com.example.mapper.ReserveMapper">

    <sql id="Base_Column_List">
        id,serve_id,user_id,time,status,reason
    </sql>

    <select id="selectAll" resultType="com.example.entity.Reserve">
        select
        reserve.*, serve.name as serveName, user.name as userName
        from reserve
        left join serve
        on reserve.serve_id = serve.id
        left join user
        on reserve.user_id = user.id
        <where>
            <if test="userName != null"> and user.name like concat('%', #{userName}, '%')</if>
            <if test="userId != null"> and reserve.user_id = #{userId}</if>
        </where>
        order by id desc
    </select>

    <select id="selectById" resultType="com.example.entity.Reserve">
        select
        <include refid="Base_Column_List" />
        from reserve
        where id = #{id}
    </select>

    <delete id="deleteById">
        delete from reserve
        where  id = #{id}
    </delete>

    <insert id="insert" parameterType="com.example.entity.Reserve" useGeneratedKeys="true" keyProperty="id">
        insert into reserve
        <trim prefix="(" suffix=")" suffixOverrides=",">
            <if test="id != null">id,</if>
            <if test="serveId != null">serve_id,</if>
            <if test="userId != null">user_id,</if>
            <if test="time != null">time,</if>
            <if test="status != null">status,</if>
            <if test="reason != null">reason,</if>
        </trim>
        <trim prefix="values (" suffix=")" suffixOverrides=",">
            <if test="id != null">#{id},</if>
            <if test="serveId != null">#{serveId},</if>
            <if test="userId != null">#{userId},</if>
            <if test="time != null">#{time},</if>
            <if test="status != null">#{status},</if>
            <if test="reason != null">#{reason},</if>
        </trim>
    </insert>

    <update id="updateById" parameterType="com.example.entity.Reserve">
        update reserve
        <set>
            <if test="serveId != null">
                serve_id = #{serveId},
            </if>
            <if test="userId != null">
                user_id = #{userId},
            </if>
            <if test="time != null">
                time = #{time},
            </if>
            <if test="status != null">
                status = #{status},
            </if>
            <if test="reason != null">
                reason = #{reason},
            </if>
        </set>
        where id = #{id}
    </update>

</mapper>