<?xml version="1.0" encoding="UTF-8"?>
<!DOCTYPE mapper
        PUBLIC "-//mybatis.org//DTD Mapper 3.0//EN"
        "http://mybatis.org/dtd/mybatis-3-mapper.dtd">
<mapper namespace="com.example.mapper.ServeMapper">

    <sql id="Base_Column_List">
        id,name,cover,descr,date
    </sql>

    <select id="selectAll" resultType="com.example.entity.Serve">
        select
        <include refid="Base_Column_List" />
        from serve
        <where>
            <if test="name != null"> and name like concat('%', #{name}, '%')</if>
        </where>
        order by id desc
    </select>

    <select id="selectById" resultType="com.example.entity.Serve">
        select
        <include refid="Base_Column_List" />
        from serve
        where id = #{id}
    </select>

    <delete id="deleteById">
        delete from serve
        where  id = #{id}
    </delete>

    <insert id="insert" parameterType="com.example.entity.Serve" useGeneratedKeys="true" keyProperty="id">
        insert into serve
        <trim prefix="(" suffix=")" suffixOverrides=",">
            <if test="id != null">id,</if>
            <if test="name != null">name,</if>
            <if test="cover != null">cover,</if>
            <if test="descr != null">descr,</if>
            <if test="date != null">date,</if>
        </trim>
        <trim prefix="values (" suffix=")" suffixOverrides=",">
            <if test="id != null">#{id},</if>
            <if test="name != null">#{name},</if>
            <if test="cover != null">#{cover},</if>
            <if test="descr != null">#{descr},</if>
            <if test="date != null">#{date},</if>
        </trim>
    </insert>

    <update id="updateById" parameterType="com.example.entity.Serve">
        update serve
        <set>
            <if test="name != null">
                name = #{name},
            </if>
            <if test="cover != null">
                cover = #{cover},
            </if>
            <if test="descr != null">
                descr = #{descr},
            </if>
            <if test="date != null">
                date = #{date},
            </if>
        </set>
        where id = #{id}
    </update>

</mapper>